--
-- PostgreSQL database dump
--

-- Dumped from database version 12.2 (Ubuntu 12.2-4)
-- Dumped by pg_dump version 12.2 (Ubuntu 12.2-4)

SET statement_timeout = 0;
SET lock_timeout = 0;
SET idle_in_transaction_session_timeout = 0;
SET client_encoding = 'UTF8';
SET standard_conforming_strings = on;
SELECT pg_catalog.set_config('search_path', '', false);
SET check_function_bodies = false;
SET xmloption = content;
SET client_min_messages = warning;
SET row_security = off;

SET default_tablespace = '';

SET default_table_access_method = heap;

--
-- Name: Artist; Type: TABLE; Schema: public; Owner: mahmoudsultan
--

CREATE TABLE public."Artist" (
    id integer NOT NULL,
    name character varying NOT NULL,
    city character varying(120) NOT NULL,
    state character varying(120) NOT NULL,
    phone character varying(120) NOT NULL,
    genres character varying(120),
    image_link character varying(500),
    facebook_link character varying(120),
    seeking_description character varying,
    seeking_venue boolean NOT NULL,
    website character varying(120)
);


ALTER TABLE public."Artist" OWNER TO mahmoudsultan;

--
-- Name: Artist_id_seq; Type: SEQUENCE; Schema: public; Owner: mahmoudsultan
--

CREATE SEQUENCE public."Artist_id_seq"
    AS integer
    START WITH 1
    INCREMENT BY 1
    NO MINVALUE
    NO MAXVALUE
    CACHE 1;


ALTER TABLE public."Artist_id_seq" OWNER TO mahmoudsultan;

--
-- Name: Artist_id_seq; Type: SEQUENCE OWNED BY; Schema: public; Owner: mahmoudsultan
--

ALTER SEQUENCE public."Artist_id_seq" OWNED BY public."Artist".id;


--
-- Name: Show; Type: TABLE; Schema: public; Owner: mahmoudsultan
--

CREATE TABLE public."Show" (
    id integer NOT NULL,
    start_time timestamp without time zone NOT NULL,
    artist_id integer NOT NULL,
    venue_id integer NOT NULL
);


ALTER TABLE public."Show" OWNER TO mahmoudsultan;

--
-- Name: Show_id_seq; Type: SEQUENCE; Schema: public; Owner: mahmoudsultan
--

CREATE SEQUENCE public."Show_id_seq"
    AS integer
    START WITH 1
    INCREMENT BY 1
    NO MINVALUE
    NO MAXVALUE
    CACHE 1;


ALTER TABLE public."Show_id_seq" OWNER TO mahmoudsultan;

--
-- Name: Show_id_seq; Type: SEQUENCE OWNED BY; Schema: public; Owner: mahmoudsultan
--

ALTER SEQUENCE public."Show_id_seq" OWNED BY public."Show".id;


--
-- Name: Venue; Type: TABLE; Schema: public; Owner: mahmoudsultan
--

CREATE TABLE public."Venue" (
    id integer NOT NULL,
    name character varying NOT NULL,
    city character varying(120) NOT NULL,
    state character varying(120) NOT NULL,
    address character varying(120) NOT NULL,
    phone character varying(120) NOT NULL,
    image_link character varying(500),
    facebook_link character varying(120),
    genres character varying(120),
    seeking_description character varying,
    seeking_talent boolean NOT NULL,
    website character varying(120) NOT NULL
);


ALTER TABLE public."Venue" OWNER TO mahmoudsultan;

--
-- Name: Venue_id_seq; Type: SEQUENCE; Schema: public; Owner: mahmoudsultan
--

CREATE SEQUENCE public."Venue_id_seq"
    AS integer
    START WITH 1
    INCREMENT BY 1
    NO MINVALUE
    NO MAXVALUE
    CACHE 1;


ALTER TABLE public."Venue_id_seq" OWNER TO mahmoudsultan;

--
-- Name: Venue_id_seq; Type: SEQUENCE OWNED BY; Schema: public; Owner: mahmoudsultan
--

ALTER SEQUENCE public."Venue_id_seq" OWNED BY public."Venue".id;


--
-- Name: alembic_version; Type: TABLE; Schema: public; Owner: mahmoudsultan
--

CREATE TABLE public.alembic_version (
    version_num character varying(32) NOT NULL
);


ALTER TABLE public.alembic_version OWNER TO mahmoudsultan;

--
-- Name: Artist id; Type: DEFAULT; Schema: public; Owner: mahmoudsultan
--

ALTER TABLE ONLY public."Artist" ALTER COLUMN id SET DEFAULT nextval('public."Artist_id_seq"'::regclass);


--
-- Name: Show id; Type: DEFAULT; Schema: public; Owner: mahmoudsultan
--

ALTER TABLE ONLY public."Show" ALTER COLUMN id SET DEFAULT nextval('public."Show_id_seq"'::regclass);


--
-- Name: Venue id; Type: DEFAULT; Schema: public; Owner: mahmoudsultan
--

ALTER TABLE ONLY public."Venue" ALTER COLUMN id SET DEFAULT nextval('public."Venue_id_seq"'::regclass);


--
-- Data for Name: Artist; Type: TABLE DATA; Schema: public; Owner: mahmoudsultan
--

COPY public."Artist" (id, name, city, state, phone, genres, image_link, facebook_link, seeking_description, seeking_venue, website) FROM stdin;
3	Guns N Petals	San Francisco	CA	326-123-5000	Rock n Roll	https://images.unsplash.com/photo-1549213783-8284d0336c4f?ixlib=rb-1.2.1&ixid=eyJhcHBfaWQiOjEyMDd9&auto=format&fit=crop&w=300&q=80	https://www.facebook.com/GunsNPetals	Looking for shows to perform at in the San Francisco Bay Area!	t	https://www.gunsnpetalsband.com
4	Matt Quevedo	New York	NY	300-400-5000	Jazz	https://images.unsplash.com/photo-1495223153807-b916f75de8c5?ixlib=rb-1.2.1&ixid=eyJhcHBfaWQiOjEyMDd9&auto=format&fit=crop&w=334&q=80	https://www.facebook.com/mattquevedo923251523	\N	f	\N
5	The Wild Sax Band	San Francisco	CA	432-325-5432	Jazz, Classical	https://images.unsplash.com/photo-1558369981-f9ca78462e61?ixlib=rb-1.2.1&ixid=eyJhcHBfaWQiOjEyMDd9&auto=format&fit=crop&w=794&q=80	\N	\N	f	\N
\.


--
-- Data for Name: Show; Type: TABLE DATA; Schema: public; Owner: mahmoudsultan
--

COPY public."Show" (id, start_time, artist_id, venue_id) FROM stdin;
1	2019-05-21 21:30:00	3	1
2	2019-06-15 23:00:00	4	3
3	2035-04-01 20:00:00	5	3
4	2035-04-08 20:00:00	5	3
5	2035-04-15 20:00:00	5	3
\.


--
-- Data for Name: Venue; Type: TABLE DATA; Schema: public; Owner: mahmoudsultan
--

COPY public."Venue" (id, name, city, state, address, phone, image_link, facebook_link, genres, seeking_description, seeking_talent, website) FROM stdin;
1	The Musical Hop	San Francisco	CA	1015 Folsom Street	123-123-1234	https://images.unsplash.com/photo-1543900694-133f37abaaa5?ixlib=rb-1.2.1&ixid=eyJhcHBfaWQiOjEyMDd9&auto=format&fit=crop&w=400&q=60	https://www.facebook.com/TheMusicalHop	Jazz, Reggae, Swing, Classical, Folk	We are on the lookout for a local artist to play every two weeks. Please call us.	t	https://www.themusicalhop.com
2	The Dueling Pianos Bar	New York	NY	335 Delancey Street	914-003-1132	https://images.unsplash.com/photo-1497032205916-ac775f0649ae?ixlib=rb-1.2.1&ixid=eyJhcHBfaWQiOjEyMDd9&auto=format&fit=crop&w=750&q=80	https://www.facebook.com/theduelingpianos	Classical, R&B, Hip-Hop	\N	f	https://www.theduelingpianos.com
3	Park Square Live Music & Coffee	San Francisco	CA	34 Whiskey Moore Ave	415-000-1234	https://images.unsplash.com/photo-1485686531765-ba63b07845a7?ixlib=rb-1.2.1&ixid=eyJhcHBfaWQiOjEyMDd9&auto=format&fit=crop&w=747&q=80	https://www.facebook.com/ParkSquareLiveMusicAndCoffee	Rock n Roll, Jazz, Classical, Folk	\N	f	https://www.parksquarelivemusicandcoffee.com
\.


--
-- Data for Name: alembic_version; Type: TABLE DATA; Schema: public; Owner: mahmoudsultan
--

COPY public.alembic_version (version_num) FROM stdin;
2dc31dcbe334
\.


--
-- Name: Artist_id_seq; Type: SEQUENCE SET; Schema: public; Owner: mahmoudsultan
--

SELECT pg_catalog.setval('public."Artist_id_seq"', 5, true);


--
-- Name: Show_id_seq; Type: SEQUENCE SET; Schema: public; Owner: mahmoudsultan
--

SELECT pg_catalog.setval('public."Show_id_seq"', 5, true);


--
-- Name: Venue_id_seq; Type: SEQUENCE SET; Schema: public; Owner: mahmoudsultan
--

SELECT pg_catalog.setval('public."Venue_id_seq"', 3, true);


--
-- Name: Artist Artist_pkey; Type: CONSTRAINT; Schema: public; Owner: mahmoudsultan
--

ALTER TABLE ONLY public."Artist"
    ADD CONSTRAINT "Artist_pkey" PRIMARY KEY (id);


--
-- Name: Show Show_pkey; Type: CONSTRAINT; Schema: public; Owner: mahmoudsultan
--

ALTER TABLE ONLY public."Show"
    ADD CONSTRAINT "Show_pkey" PRIMARY KEY (id);


--
-- Name: Venue Venue_pkey; Type: CONSTRAINT; Schema: public; Owner: mahmoudsultan
--

ALTER TABLE ONLY public."Venue"
    ADD CONSTRAINT "Venue_pkey" PRIMARY KEY (id);


--
-- Name: alembic_version alembic_version_pkc; Type: CONSTRAINT; Schema: public; Owner: mahmoudsultan
--

ALTER TABLE ONLY public.alembic_version
    ADD CONSTRAINT alembic_version_pkc PRIMARY KEY (version_num);


--
-- Name: Show Show_artist_id_fkey; Type: FK CONSTRAINT; Schema: public; Owner: mahmoudsultan
--

ALTER TABLE ONLY public."Show"
    ADD CONSTRAINT "Show_artist_id_fkey" FOREIGN KEY (artist_id) REFERENCES public."Artist"(id);


--
-- Name: Show Show_venue_id_fkey; Type: FK CONSTRAINT; Schema: public; Owner: mahmoudsultan
--

ALTER TABLE ONLY public."Show"
    ADD CONSTRAINT "Show_venue_id_fkey" FOREIGN KEY (venue_id) REFERENCES public."Venue"(id);


--
-- PostgreSQL database dump complete
--

